A_fit,A_fit_error,omega_fit,omega_fit_error,phi_fit,phi_fit_error,lambda_fit,lambda_fit_error,relative_err (err/l_d),lambda_debye
3.8848539141256033,0.23666860822585728,0.0,0.0,0.0,0.0,2.375597831685728,0.14548858754595467,0.08851555230490352,1.64365
3.7581901525341097,0.1419768655160245,0.0,0.0,0.0,0.0,1.9799104856336682,0.052733454129791135,0.03910410824283383,1.34854
3.9897825527924313,0.16993140305148713,0.0,0.0,0.0,0.0,1.618974165013901,0.03626624289195311,0.03090433991644918,1.1735
3.1604145059577755,0.2235812057812149,0.0,0.0,0.0,0.0,1.1344296188215854,0.03198993935528129,0.04191993311049545,0.76312
1.0467514767602073,0.1056325705495134,0.0,0.0,0.0,0.0,1.3321120727956175,0.07594573552327409,0.12261177837144671,0.6194
10.409611846386465,4.807705258063184,0.0,0.0,0.0,0.0,0.932488643842569,0.13024863017738333,0.2311832271519051,0.5634
2.9613619664360913,0.988748792507455,0.0,0.0,0.0,0.0,0.9529790697902246,0.11884243471678445,0.24828671203757327,0.47865
20.898939874856815,1.4209669903867614,4.004371092288395,0.04462944962124524,3.338354142421052,0.07888445947411718,0.4222197078157251,0.006390414552313769,0.014859701319180954,0.43005
9.356063570333834,0.14580958138566974,3.6219884446691673,0.03229697720406906,1.1249893879177524,0.0687353072336054,0.507656935411287,0.0026283570376471267,0.007005215985200232,0.3752
16.66043800919378,3.0260316181170324,-3.093530162335214,0.053562197635702614,1.056888890231016,0.30963391618167424,0.4743414442779949,0.01676079333365009,0.0486511083383649,0.34451
17.51824649170848,1.5736311739588984,2.998314926713876,0.02607888644908633,-9.979888264974626,0.06594022935317274,0.4479185682387595,0.007638460276323932,0.026114394107090367,0.2925
